content_class,style_class,content_eval_position,edge_correlation,accepted
airplane,cat,0,0.6706851124763489,True
airplane,cat,3,0.7684150338172913,False
airplane,cat,5,0.46970832347869873,True
airplane,cat,35,0.5462127923965454,True
airplane,cat,38,0.6702407002449036,True
airplane,cat,78,0.3872908055782318,True
airplane,cat,90,0.6787552833557129,True
airplane,cat,106,0.7489646673202515,True
airplane,cat,111,0.6273939609527588,True
airplane,cat,115,0.6029846668243408,True
airplane,cat,134,0.7692094445228577,True
airplane,cat,139,0.7907226085662842,True
airplane,cat,153,0.5582872033119202,True
airplane,cat,181,0.7520255446434021,True
airplane,cat,189,0.4252520799636841,True
airplane,cat,195,0.8140003681182861,False
airplane,cat,200,0.709549605846405,True
airplane,cat,212,0.5034326314926147,True
airplane,cat,222,0.6312556862831116,True
airplane,cat,225,0.6370282173156738,True
airplane,cat,245,0.5875288844108582,False
airplane,cat,255,0.5560768842697144,True
airplane,cat,266,0.8266757130622864,False
airplane,cat,284,0.7734598517417908,False
cat,airplane,12,0.681887686252594,True
cat,airplane,25,0.4364839494228363,True
cat,airplane,27,0.704306960105896,True
cat,airplane,29,0.45158863067626953,True
cat,airplane,41,0.3802647888660431,True
cat,airplane,44,0.27248281240463257,False
cat,airplane,45,0.5946751236915588,True
cat,airplane,51,0.6698610186576843,True
cat,airplane,54,0.49281468987464905,True
cat,airplane,66,0.5693128108978271,True
cat,airplane,80,0.7211308479309082,True
cat,airplane,85,0.6933711767196655,True
cat,airplane,89,0.42497363686561584,True
cat,airplane,91,0.7201247811317444,True
cat,airplane,96,0.8095431923866272,True
cat,airplane,103,0.699426531791687,True
cat,airplane,107,0.6558107733726501,False
cat,airplane,140,0.8156145215034485,True
cat,airplane,156,0.5460407733917236,True
cat,airplane,169,0.5849583148956299,True
cat,airplane,170,0.568681001663208,True
cat,airplane,182,0.612928569316864,True
cat,airplane,188,0.8440564274787903,True
cat,airplane,207,0.6131561994552612,True
car,deer,2,0.5975590348243713,True
car,deer,4,0.4639589190483093,True
car,deer,22,0.3241609036922455,False
car,deer,30,0.490542471408844,True
car,deer,33,0.4851206839084625,True
car,deer,34,0.4912314713001251,True
car,deer,49,0.37211722135543823,True
car,deer,67,0.2733760178089142,False
car,deer,79,0.40054845809936523,True
car,deer,92,0.5095553398132324,True
car,deer,102,0.5034533739089966,True
car,deer,110,0.6860698461532593,True
car,deer,122,0.46119171380996704,True
car,deer,125,0.4459550976753235,True
car,deer,143,0.44119685888290405,True
car,deer,162,0.549233615398407,True
car,deer,168,0.46979495882987976,True
car,deer,194,0.3989439606666565,True
car,deer,197,0.5304841995239258,True
car,deer,204,0.5349624156951904,True
car,deer,214,0.6350021362304688,True
car,deer,224,0.6338056921958923,True
car,deer,235,0.6341913938522339,True
car,deer,261,0.4342093765735626,True
deer,car,11,0.6941605806350708,True
deer,car,36,0.484506219625473,True
deer,car,47,0.5657985210418701,True
deer,car,53,0.48822325468063354,True
deer,car,58,0.6144542694091797,True
deer,car,74,0.5992316007614136,True
deer,car,76,0.49279046058654785,True
deer,car,81,0.673606276512146,True
deer,car,86,0.4641759693622589,True
deer,car,94,0.5274640917778015,True
deer,car,133,0.46827706694602966,True
deer,car,163,0.6744411587715149,True
deer,car,178,0.6517218947410583,True
deer,car,183,0.4131218194961548,True
deer,car,190,0.6820720434188843,True
deer,car,196,0.484128475189209,True
deer,car,198,0.4959039092063904,False
deer,car,201,0.35750913619995117,True
deer,car,205,0.532697319984436,True
deer,car,208,0.5179389119148254,True
deer,car,215,0.6493592858314514,True
deer,car,226,0.6766781806945801,True
deer,car,230,0.5152372717857361,True
deer,car,236,0.56795734167099,True
ship,dog,10,0.727024257183075,True
ship,dog,14,0.5823108553886414,True
ship,dog,43,0.5518189668655396,True
ship,dog,48,0.5621832013130188,True
ship,dog,50,0.7575579881668091,True
ship,dog,52,0.6845528483390808,True
ship,dog,63,0.565204381942749,True
ship,dog,77,0.6344404816627502,True
ship,dog,84,0.5981176495552063,True
ship,dog,113,0.7973078489303589,True
ship,dog,121,0.6924588084220886,True
ship,dog,123,0.5012749433517456,True
ship,dog,131,0.6262698769569397,False
ship,dog,145,0.6108275055885315,True
ship,dog,151,0.4422367215156555,True
ship,dog,152,0.5727070569992065,True
ship,dog,158,0.5182848572731018,True
ship,dog,159,0.764767050743103,True
ship,dog,179,0.64383864402771,True
ship,dog,186,0.5952440500259399,True
ship,dog,193,0.6221697926521301,True
ship,dog,203,0.6133908033370972,True
ship,dog,219,0.5782623291015625,True
ship,dog,249,0.661493182182312,True
dog,ship,7,0.7835940718650818,False
dog,ship,23,0.5586284399032593,False
dog,ship,28,0.7094773054122925,True
dog,ship,39,0.7729743123054504,False
dog,ship,42,0.6072006225585938,True
dog,ship,46,0.7264931201934814,False
dog,ship,72,0.524364709854126,True
dog,ship,105,0.6564252376556396,True
dog,ship,112,0.7207754850387573,True
dog,ship,114,0.5823110938072205,False
dog,ship,128,0.5647761225700378,True
dog,ship,154,0.46770620346069336,True
dog,ship,155,0.8177053928375244,True
dog,ship,157,0.627171516418457,True
dog,ship,161,0.6030740141868591,True
dog,ship,165,0.7133986949920654,True
dog,ship,166,0.6385523080825806,False
dog,ship,172,0.6181074976921082,True
dog,ship,184,0.813858151435852,False
dog,ship,185,0.5436875820159912,True
dog,ship,191,0.818595290184021,True
dog,ship,213,0.5483534336090088,True
dog,ship,242,0.7019683718681335,True
dog,ship,243,0.6618231534957886,True
truck,bird,9,0.5158618092536926,True
truck,bird,13,0.5910241007804871,True
truck,bird,16,0.47969838976860046,True
truck,bird,19,0.4405228793621063,True
truck,bird,20,0.5947652459144592,False
truck,bird,31,0.5509507060050964,True
truck,bird,40,0.5910847783088684,True
truck,bird,55,0.6476445198059082,True
truck,bird,57,0.6745984554290771,True
truck,bird,68,0.568291962146759,True
truck,bird,93,0.6708475351333618,False
truck,bird,95,0.6487592458724976,True
truck,bird,99,0.24704039096832275,False
truck,bird,101,0.35909172892570496,True
truck,bird,116,0.5434566140174866,True
truck,bird,124,0.6222324371337891,True
truck,bird,138,0.4675232768058777,True
truck,bird,141,0.6084083318710327,False
truck,bird,146,0.45574474334716797,True
truck,bird,149,0.6739397048950195,True
truck,bird,160,0.6896909475326538,True
truck,bird,164,0.2625449299812317,False
truck,bird,173,0.500612199306488,True
truck,bird,211,0.623496949672699,True
bird,truck,6,0.6732208132743835,True
bird,truck,8,0.7111974358558655,True
bird,truck,15,0.542851448059082,True
bird,truck,17,0.6502968668937683,False
bird,truck,21,0.6708630323410034,True
bird,truck,56,0.7410914897918701,True
bird,truck,71,0.7373871207237244,True
bird,truck,73,0.7872933149337769,True
bird,truck,75,0.6177689433097839,True
bird,truck,83,0.702838659286499,True
bird,truck,97,0.5877851247787476,False
bird,truck,108,0.6820783615112305,True
bird,truck,126,0.7029495239257812,True
bird,truck,127,0.71994948387146,True
bird,truck,135,0.6172505021095276,True
bird,truck,136,0.5897705554962158,True
bird,truck,142,0.5137090086936951,True
bird,truck,144,0.595588743686676,True
bird,truck,147,0.4764045178890228,True
bird,truck,148,0.5874640345573425,True
bird,truck,150,0.6293833255767822,True
bird,truck,176,0.6281436085700989,True
bird,truck,177,0.5143362879753113,True
bird,truck,199,0.5834659337997437,True
airplane,horse,0,0.5877096056938171,True
airplane,horse,3,0.6576957106590271,False
airplane,horse,5,0.6144998669624329,False
airplane,horse,35,0.49142590165138245,True
airplane,horse,38,0.8119999170303345,False
airplane,horse,78,0.5977382659912109,True
airplane,horse,90,0.739591658115387,True
airplane,horse,106,0.5685626268386841,True
airplane,horse,111,0.5478826761245728,True
airplane,horse,115,0.6367052793502808,True
airplane,horse,134,0.5157830119132996,True
airplane,horse,139,0.626676082611084,True
airplane,horse,153,0.6472845673561096,True
airplane,horse,181,0.7792272567749023,True
airplane,horse,189,0.5276513695716858,True
airplane,horse,195,0.7059895396232605,False
airplane,horse,200,0.5774189829826355,True
airplane,horse,212,0.4565700590610504,True
airplane,horse,222,0.5966157913208008,True
airplane,horse,225,0.7719648480415344,False
airplane,horse,245,0.5852398872375488,True
airplane,horse,255,0.7455442547798157,True
airplane,horse,266,0.624955952167511,True
airplane,horse,284,0.7439754009246826,True
horse,airplane,32,0.6375608444213867,True
horse,airplane,37,0.5150434374809265,True
horse,airplane,59,0.6985264420509338,True
horse,airplane,60,0.5419570803642273,True
horse,airplane,61,0.6041241884231567,False
horse,airplane,62,0.6566323637962341,True
horse,airplane,64,0.5896700024604797,True
horse,airplane,65,0.6218838691711426,True
horse,airplane,104,0.5195072889328003,True
horse,airplane,117,0.7508035898208618,True
horse,airplane,137,0.685987114906311,True
horse,airplane,171,0.635165810585022,True
horse,airplane,175,0.610407829284668,True
horse,airplane,192,0.7115284204483032,True
horse,airplane,206,0.5302063226699829,True
horse,airplane,210,0.5823856592178345,True
horse,airplane,221,0.7132585048675537,False
horse,airplane,229,0.6428415179252625,True
horse,airplane,231,0.7519874572753906,True
horse,airplane,237,0.5065826773643494,True
horse,airplane,239,0.5495527386665344,True
horse,airplane,240,0.5715605020523071,True
horse,airplane,254,0.6968154311180115,True
horse,airplane,258,0.6961221098899841,True
car,monkey,2,0.5588332414627075,True
car,monkey,4,0.4441261291503906,True
car,monkey,22,0.2679360806941986,False
car,monkey,30,0.3767775893211365,True
car,monkey,33,0.5398671627044678,True
car,monkey,34,0.6012531518936157,True
car,monkey,49,0.3823094964027405,False
car,monkey,67,0.3945847451686859,True
car,monkey,79,0.3707919120788574,True
car,monkey,92,0.4430902600288391,True
car,monkey,102,0.3890766203403473,True
car,monkey,110,0.6912598013877869,True
car,monkey,122,0.5434148907661438,True
car,monkey,125,0.48624393343925476,True
car,monkey,143,0.398043692111969,True
car,monkey,162,0.46667587757110596,True
car,monkey,168,0.45866483449935913,True
car,monkey,194,0.4155222177505493,True
car,monkey,197,0.6055650115013123,False
car,monkey,204,0.5246439576148987,True
car,monkey,214,0.651586651802063,True
car,monkey,224,0.46424922347068787,True
car,monkey,235,0.5800760984420776,True
car,monkey,261,0.5444443821907043,True
monkey,car,1,0.5479788780212402,True
monkey,car,18,0.6424151062965393,True
monkey,car,24,0.6882067322731018,True
monkey,car,26,0.6229398846626282,True
monkey,car,69,0.5157198905944824,True
monkey,car,70,0.6053100824356079,True
monkey,car,82,0.5034667253494263,True
monkey,car,87,0.5604897737503052,True
monkey,car,88,0.4901852607727051,True
monkey,car,98,0.7268719673156738,True
monkey,car,100,0.5341199040412903,True
monkey,car,109,0.5837424993515015,False
monkey,car,118,0.4502624571323395,True
monkey,car,119,0.6787869930267334,True
monkey,car,120,0.6953397393226624,True
monkey,car,129,0.40607622265815735,True
monkey,car,130,0.5155925154685974,False
monkey,car,132,0.5870165824890137,True
monkey,car,167,0.5220803022384644,True
monkey,car,174,0.5689412951469421,True
monkey,car,180,0.5588560104370117,True
monkey,car,187,0.5719422101974487,True
monkey,car,202,0.497286856174469,True
monkey,car,209,0.3966246545314789,True
