head,epoch,train_loss,validation_accuracy
resnet50,1,1.4795872144699096,95.59999704360962
resnet50,2,0.5703488783836365,96.29999995231628
resnet50,3,0.3097565133571625,96.20000123977661
resnet50,4,0.21003129923343658,97.10000157356262
resnet50,5,0.15815097212791443,97.10000157356262
resnet50,6,0.1259257376194,97.2000002861023
resnet50,7,0.10377942395210266,97.2000002861023
resnet50,8,0.08847469204664231,97.10000157356262
resnet50,9,0.07549708876013755,97.2000002861023
resnet50,10,0.06625025206804276,97.10000157356262
resnet50,11,0.05843553751707077,97.2000002861023
vit_b_16,1,1.0003967752456666,96.39999866485596
vit_b_16,2,0.22212019038200378,97.39999771118164
vit_b_16,3,0.13269804286956788,97.39999771118164
vit_b_16,4,0.09733500778675079,97.60000109672546
vit_b_16,5,0.07660427886247635,97.50000238418579
vit_b_16,6,0.0626411703824997,97.50000238418579
vit_b_16,7,0.05218271014094353,97.60000109672546
vit_b_16,8,0.04389926499128342,97.50000238418579
vit_b_16,9,0.03772553580999374,97.69999980926514
vit_b_16,10,0.033010852664709094,97.69999980926514
vit_b_16,11,0.02884622097015381,97.89999723434448
vit_b_16,12,0.025300164401531218,98.00000190734863
vit_b_16,13,0.02265762246400118,98.00000190734863
vit_b_16,14,0.02042194080352783,98.00000190734863
vit_b_16,15,0.018386051997542383,97.89999723434448
vit_b_16,16,0.016765974670648574,98.00000190734863
vit_b_16,17,0.015329000443220138,98.00000190734863
clip_vit_b_32,1,2.221245153427124,95.89999914169312
clip_vit_b_32,2,2.058438378334045,98.19999933242798
clip_vit_b_32,3,1.9047456645965577,98.50000143051147
clip_vit_b_32,4,1.7602872467041015,98.29999804496765
clip_vit_b_32,5,1.6244875240325927,98.4000027179718
clip_vit_b_32,6,1.4978463821411132,98.4000027179718
clip_vit_b_32,7,1.3801895732879639,98.4000027179718
clip_vit_b_32,8,1.2715198764801026,98.4000027179718
