condition,model,accuracy,accuracy_change,macro_f1,mean_max_confidence,prediction_consistency
clean,resnet50 head,97.60000109672546,0.0,97.60555313263286,0.8949921727180481,
clean,vit_b_16 head,97.39999771118164,0.0,97.38947522603401,0.9616274237632751,
clean,clip head,97.60000109672546,0.0,97.59420377281056,0.16184677183628082,
clean,clip zero shot,96.79999947547913,0.0,96.7524079946368,0.9426957368850708,
grayscale,resnet50 head,95.59999704360962,-2.0000040531158447,95.58613470906378,0.9004517793655396,96.39999866485596
grayscale,vit_b_16 head,95.59999704360962,-1.8000006675720215,95.58523313878368,0.9550412893295288,95.20000219345093
grayscale,clip head,95.59999704360962,-2.0000040531158447,95.57062600811449,0.15561123192310333,95.59999704360962
grayscale,clip zero shot,94.19999718666077,-2.6000022888183594,94.11182150582782,0.9282132387161255,95.20000219345093
hue rotated,resnet50 head,93.19999814033508,-4.400002956390381,93.2469306757153,0.8971877694129944,94.59999799728394
hue rotated,vit_b_16 head,94.19999718666077,-3.200000524520874,94.18371582722557,0.9232522249221802,94.59999799728394
hue rotated,clip head,94.9999988079071,-2.6000022888183594,94.9436988811663,0.15248961746692657,95.59999704360962
hue rotated,clip zero shot,93.4000015258789,-3.3999979496002197,93.31495169777713,0.9172914624214172,94.19999718666077
patch shuffled,resnet50 head,89.80000019073486,-7.800000905990601,89.81311249931746,0.8689450025558472,92.00000166893005
patch shuffled,vit_b_16 head,88.99999856948853,-8.399999141693115,88.88610650312785,0.9001892805099487,89.99999761581421
patch shuffled,clip head,79.00000214576721,-18.599998950958252,78.943373132707,0.13358812034130096,79.00000214576721
patch shuffled,clip zero shot,78.79999876022339,-18.000000715255737,78.86198698468732,0.7751171588897705,80.19999861717224
