condition,model,accuracy,macro_f1,mean_max_confidence,prediction_consistency,shift,direction
shift 0,resnet50 head,97.60000109672546,97.60555313263286,0.8949921727180481,100.0,0,none
shift 0,vit_b_16 head,97.39999771118164,97.38947522603401,0.9616274237632751,100.0,0,none
shift 0,clip head,97.60000109672546,97.59420377281056,0.16184677183628082,100.0,0,none
shift 0,clip zero shot,96.79999947547913,96.7524079946368,0.9426957368850708,100.0,0,none
shift 8 up,resnet50 head,97.2000002861023,97.2069592253343,0.8953065872192383,99.40000176429749,8,up
shift 8 up,vit_b_16 head,97.60000109672546,97.59863794071715,0.9596745371818542,98.4000027179718,8,up
shift 8 up,clip head,97.79999852180481,97.78848808712318,0.16107553243637085,98.19999933242798,8,up
shift 8 up,clip zero shot,97.00000286102295,96.96816891465633,0.9387431144714355,97.79999852180481,8,up
shift 8 down,resnet50 head,97.2000002861023,97.20692039792216,0.8915463089942932,99.40000176429749,8,down
shift 8 down,vit_b_16 head,97.79999852180481,97.7950214924405,0.961487889289856,98.19999933242798,8,down
shift 8 down,clip head,98.00000190734863,97.99361686468767,0.16170071065425873,99.00000095367432,8,down
shift 8 down,clip zero shot,97.2000002861023,97.16037630620455,0.9409695267677307,98.00000190734863,8,down
shift 8 left,resnet50 head,97.2000002861023,97.20580058005801,0.8947896361351013,99.00000095367432,8,left
shift 8 left,vit_b_16 head,97.60000109672546,97.59955253257286,0.9602905511856079,98.19999933242798,8,left
shift 8 left,clip head,97.79999852180481,97.7864817484788,0.16107454895973206,98.4000027179718,8,left
shift 8 left,clip zero shot,96.79999947547913,96.74494383541685,0.9440568089485168,98.4000027179718,8,left
shift 8 right,resnet50 head,97.2000002861023,97.20558046200779,0.8927789330482483,99.59999918937683,8,right
shift 8 right,vit_b_16 head,98.00000190734863,97.9996598699486,0.9601826667785645,98.60000014305115,8,right
shift 8 right,clip head,97.79999852180481,97.78345300117056,0.16120274364948273,99.40000176429749,8,right
shift 8 right,clip zero shot,96.60000205039978,96.54526670928523,0.9430285096168518,98.19999933242798,8,right
shift 16 up,resnet50 head,96.79999947547913,96.80159273659325,0.896415114402771,99.19999837875366,16,up
shift 16 up,vit_b_16 head,97.2000002861023,97.19757966192776,0.960582435131073,98.7999975681305,16,up
shift 16 up,clip head,97.60000109672546,97.59061974683,0.15997490286827087,98.60000014305115,16,up
shift 16 up,clip zero shot,97.00000286102295,96.98097188261852,0.9399411082267761,97.60000109672546,16,up
shift 16 down,resnet50 head,96.79999947547913,96.80488019390175,0.8851455450057983,99.00000095367432,16,down
shift 16 down,vit_b_16 head,98.19999933242798,98.19583958395839,0.9585813283920288,98.7999975681305,16,down
shift 16 down,clip head,98.19999933242798,98.19532951475864,0.16028767824172974,98.60000014305115,16,down
shift 16 down,clip zero shot,97.39999771118164,97.37761886208702,0.9409899711608887,97.79999852180481,16,down
shift 16 left,resnet50 head,96.60000205039978,96.60567811883229,0.8942670226097107,98.7999975681305,16,left
shift 16 left,vit_b_16 head,97.39999771118164,97.38504721401956,0.9588766098022461,99.19999837875366,16,left
shift 16 left,clip head,97.2000002861023,97.18385994044105,0.15901456773281097,98.60000014305115,16,left
shift 16 left,clip zero shot,97.00000286102295,96.95165360514363,0.937457263469696,98.4000027179718,16,left
shift 16 right,resnet50 head,97.00000286102295,97.01291981387558,0.8859983682632446,99.19999837875366,16,right
shift 16 right,vit_b_16 head,96.79999947547913,96.79131178423962,0.9609194397926331,98.7999975681305,16,right
shift 16 right,clip head,97.79999852180481,97.78219987047248,0.15904247760772705,98.19999933242798,16,right
shift 16 right,clip zero shot,97.60000109672546,97.57845019796096,0.9354985356330872,98.00000190734863,16,right
shift 32 up,resnet50 head,97.00000286102295,97.02397021766946,0.8884498476982117,99.19999837875366,32,up
shift 32 up,vit_b_16 head,96.60000205039978,96.61159615961597,0.952739417552948,97.39999771118164,32,up
shift 32 up,clip head,97.00000286102295,96.98651666098374,0.1576513648033142,97.60000109672546,32,up
shift 32 up,clip zero shot,95.80000042915344,95.74288054624371,0.9241591691970825,97.79999852180481,32,up
shift 32 down,resnet50 head,96.39999866485596,96.42822099136683,0.8802883625030518,98.60000014305115,32,down
shift 32 down,vit_b_16 head,96.79999947547913,96.79688756973461,0.9541139602661133,97.79999852180481,32,down
shift 32 down,clip head,97.00000286102295,96.99552931084234,0.15806695818901062,98.60000014305115,32,down
shift 32 down,clip zero shot,94.9999988079071,94.9815548066428,0.9310581088066101,97.60000109672546,32,down
shift 32 left,resnet50 head,96.60000205039978,96.60662464769854,0.8856399655342102,98.60000014305115,32,left
shift 32 left,vit_b_16 head,96.79999947547913,96.80102103847838,0.9531438946723938,97.79999852180481,32,left
shift 32 left,clip head,97.00000286102295,96.99809129203818,0.15764783322811127,97.60000109672546,32,left
shift 32 left,clip zero shot,95.39999961853027,95.32041445852622,0.9263807535171509,96.60000205039978,32,left
shift 32 right,resnet50 head,95.80000042915344,95.82138878970774,0.8830284476280212,98.19999933242798,32,right
shift 32 right,vit_b_16 head,95.59999704360962,95.59265530394573,0.9567561149597168,98.00000190734863,32,right
shift 32 right,clip head,97.60000109672546,97.59689661374058,0.15723177790641785,98.19999933242798,32,right
shift 32 right,clip zero shot,96.20000123977661,96.14901631724662,0.9284312725067139,97.2000002861023,32,right
