model,shift,accuracy,prediction_consistency
clip head,0,97.60000109672546,100.0
clip head,8,97.84999936819077,98.7500011920929
clip head,16,97.69999980926514,98.49999994039536
clip head,32,97.15000241994858,98.00000041723251
clip zero shot,0,96.79999947547913,100.0
clip zero shot,8,96.90000116825104,98.1000006198883
clip zero shot,16,97.25000113248825,97.95000106096268
clip zero shot,32,95.60000002384186,97.30000048875809
resnet50 head,0,97.60000109672546,100.0
resnet50 head,8,97.2000002861023,99.35000091791153
resnet50 head,16,96.80000096559525,99.04999881982803
resnet50 head,32,96.45000100135803,98.64999949932098
vit_b_16 head,0,97.39999771118164,100.0
vit_b_16 head,8,97.75000065565109,98.35000038146973
vit_b_16 head,16,97.39999920129776,98.89999777078629
vit_b_16 head,32,96.44999951124191,97.74999916553497
