run,epoch,train_loss,train_accuracy,validation_accuracy,learning_rate,epoch_seconds,known_loss,placeholder_loss,data_placeholder_loss
vanilla,1,2.0048319587283663,28.808888888888887,42.02,0.09997532801828658,7.067253112792969,,,
vanilla,2,1.4576068911870321,46.346666666666664,50.34,0.09990133642141358,5.026019334793091,,,
vanilla,3,1.1961980279710558,56.797777777777775,60.04,0.099778098230154,5.022777080535889,,,
vanilla,4,0.9930293685489231,64.55333333333333,66.54,0.0996057350657239,5.063575029373169,,,
vanilla,5,0.8570508694542779,69.77333333333333,67.68,0.09938441702975688,5.005794286727905,,,
vanilla,6,0.7424540470971002,74.05555555555556,72.52,0.09911436253643444,4.900367498397827,,,
vanilla,7,0.6531003479533726,77.16222222222223,76.28,0.09879583809693737,4.783458709716797,,,
vanilla,8,0.6015051941977607,79.13777777777777,77.9,0.09842915805643156,4.790803670883179,,,
vanilla,9,0.5555571776390076,80.67333333333333,75.86,0.09801468428384716,4.785061359405518,,,
vanilla,10,0.5306957802242703,81.81555555555556,77.52,0.09755282581475769,4.780999183654785,,,
vanilla,11,0.49758527740372555,82.86,77.08,0.09704403844771128,4.770902395248413,,,
vanilla,12,0.4866346168729994,83.34222222222222,77.06,0.09648882429441258,4.731333017349243,,,
vanilla,13,0.46807947935528227,84.07777777777778,83.64,0.09588773128419906,4.796891689300537,,,
vanilla,14,0.4489554448286692,84.50444444444445,82.42,0.09524135262330098,4.768963098526001,,,
vanilla,15,0.43367078677283394,85.1288888888889,81.14,0.0945503262094184,4.818933725357056,,,
vanilla,16,0.4264746481683519,85.21333333333334,78.62,0.09381533400219319,4.804703235626221,,,
vanilla,17,0.4084761884159512,85.94666666666667,80.46,0.0930371013501972,4.798798322677612,,,
vanilla,18,0.4028743849224514,86.22666666666667,84.24,0.09221639627510078,4.8738930225372314,,,
vanilla,19,0.3928745083067152,86.40222222222222,83.78,0.09135402871372812,4.784278631210327,,,
vanilla,20,0.3819370504803128,86.90444444444445,80.18,0.09045084971874741,4.759805202484131,,,
vanilla,21,0.38103654861980013,87.02222222222223,82.58,0.08950775061878455,4.705676555633545,,,
vanilla,22,0.3669498023668925,87.60444444444444,84.88,0.0885256621387895,4.703602075576782,,,
vanilla,23,0.3559977336777581,87.98222222222222,83.52,0.08750555348152302,4.704257488250732,,,
vanilla,24,0.353640051179462,88.00888888888889,83.98,0.08644843137107061,4.696049928665161,,,
vanilla,25,0.3510700974358453,88.12222222222222,81.6,0.0853553390593274,4.691126823425293,,,
vanilla,26,0.33539208611382376,88.49111111111111,84.9,0.08422735529643446,4.795692443847656,,,
vanilla,27,0.33311485344568886,88.61333333333333,82.84,0.08306559326618262,5.004532337188721,,,
vanilla,28,0.33398955521583557,88.53111111111112,84.04,0.08187119948743452,5.220863342285156,,,
vanilla,29,0.3214184876256519,88.97111111111111,85.36,0.08064535268264886,5.279690504074097,,,
vanilla,30,0.3162317156208886,89.40444444444445,84.88,0.0793892626146237,5.288707256317139,,,
vanilla,31,0.31671255209710863,89.16,86.48,0.07810416889260657,5.320831060409546,,,
vanilla,32,0.3032527765115102,89.66666666666667,84.96,0.07679133974894986,5.208600997924805,,,
vanilla,33,0.3016667660130395,89.57777777777778,84.98,0.0754520707875186,5.19254994392395,,,
vanilla,34,0.2923797458688418,90.07111111111111,87.98,0.0740876837050858,5.224690914154053,,,
vanilla,35,0.2849194921414057,90.31333333333333,86.28,0.07269952498697738,5.239043474197388,,,
vanilla,36,0.2868610830359989,90.24888888888889,87.16,0.07128896457825366,5.185901880264282,,,
vanilla,37,0.2811695748170217,90.48222222222222,86.22,0.06985739453173906,5.184050798416138,,,
vanilla,38,0.27296761362022826,90.68444444444444,87.24,0.06840622763423394,5.190552234649658,,,
vanilla,39,0.2694325277964274,90.72222222222223,85.0,0.06693689601226462,5.135305643081665,,,
vanilla,40,0.2629360288037194,91.02444444444444,84.18,0.06545084971874741,5.119696617126465,,,
vanilla,41,0.26269982011583115,90.92888888888889,87.46,0.06394955530196152,4.989168405532837,,,
vanilla,42,0.2541350868542989,91.3711111111111,84.52,0.062434494358242776,4.858977317810059,,,
vanilla,43,0.24735238966412015,91.55333333333333,88.78,0.06090716206982718,4.828381776809692,,,
vanilla,44,0.2474695143090354,91.51333333333334,87.32,0.05936906572928628,4.8057239055633545,,,
vanilla,45,0.2339385799407959,92.09777777777778,87.24,0.05782172325201159,4.831830739974976,,,
vanilla,46,0.22914140344195896,92.19555555555556,87.74,0.056266661678215264,4.93502402305603,,,
vanilla,47,0.22769497514300877,92.17111111111112,88.92,0.05470541566592575,5.148252725601196,,,
vanilla,48,0.21842360609902275,92.6,88.94,0.053139525976465714,5.212917327880859,,,
vanilla,49,0.21053732744587791,92.74,88.32,0.05157053795390645,5.257444620132446,,,
vanilla,50,0.207936070394516,92.8488888888889,88.02,0.05000000000000004,5.2392661571502686,,,
vanilla,51,0.20174980758561029,93.05111111111111,89.16,0.04842946204609362,5.276399850845337,,,
vanilla,52,0.19372082580725353,93.29555555555555,88.74,0.04686047402353437,5.223300933837891,,,
vanilla,53,0.19251589046054415,93.28444444444445,88.88,0.045294584334074316,5.243523359298706,,,
vanilla,54,0.18193118724293178,93.74444444444444,89.5,0.043733338321784825,5.20256233215332,,,
vanilla,55,0.17507075281673007,93.92,89.68,0.042178276747988484,5.2258946895599365,,,
vanilla,56,0.1719339638074239,94.05555555555556,88.84,0.0406309342707138,5.176620721817017,,,
vanilla,57,0.16060628044340344,94.57111111111111,90.06,0.039092837930172916,5.158531665802002,,,
vanilla,58,0.16064336754282316,94.45555555555555,89.7,0.037565505641757285,5.114566802978516,,,
vanilla,59,0.15133662253750696,94.80888888888889,90.34,0.03605044469803857,4.984068155288696,,,
vanilla,60,0.14707574383417765,94.89555555555556,90.54,0.034549150281252675,4.879688501358032,,,
vanilla,61,0.13721612571875255,95.25333333333333,89.44,0.03306310398773546,4.842602491378784,,,
vanilla,62,0.13283123946189881,95.49333333333334,91.48,0.031593772365766146,4.798508644104004,,,
vanilla,63,0.12707881351709366,95.61111111111111,91.68,0.030142605468260992,4.786929607391357,,,
vanilla,64,0.11900250078837077,95.96222222222222,90.94,0.028711035421746394,4.7941248416900635,,,
vanilla,65,0.11296026781135135,96.18666666666667,91.52,0.027300475013022688,4.803797245025635,,,
vanilla,66,0.10748265264299181,96.29333333333334,90.62,0.025912316294914254,4.802930116653442,,,
vanilla,67,0.09828876886235344,96.60444444444444,91.98,0.02454792921248146,4.823155879974365,,,
vanilla,68,0.09059803308116066,96.84444444444445,91.56,0.02320866025105018,4.8012309074401855,,,
vanilla,69,0.0840375979701678,97.18666666666667,91.88,0.021895831107393487,4.820921897888184,,,
vanilla,70,0.07710381914907032,97.42666666666666,91.66,0.02061073738537637,4.837688684463501,,,
vanilla,71,0.07116816797521379,97.58,91.62,0.01935464731735119,4.8567955493927,,,
vanilla,72,0.06296092171801461,97.88666666666667,93.36,0.018128800512565532,4.861241817474365,,,
vanilla,73,0.055656691569421025,98.18666666666667,93.08,0.016934406733817433,4.86810040473938,,,
vanilla,74,0.05047507246169779,98.35111111111111,93.36,0.01577264470356558,4.8136887550354,,,
vanilla,75,0.04132198394536972,98.68666666666667,93.16,0.014644660940672643,4.771593809127808,,,
vanilla,76,0.040511948647432856,98.64888888888889,92.98,0.013551568628929448,4.764389514923096,,,
vanilla,77,0.03573634252051512,98.86666666666666,94.16,0.012494446518477033,4.797290086746216,,,
vanilla,78,0.028867087076935503,99.08444444444444,94.4,0.011474337861210555,4.858975410461426,,,
vanilla,79,0.02228516478339831,99.31555555555556,93.96,0.01049224938121549,4.7661004066467285,,,
vanilla,80,0.019058667763736513,99.46444444444444,94.5,0.009549150281252642,4.7502121925354,,,
vanilla,81,0.01442708924603131,99.57111111111111,94.38,0.008645971286271922,5.182079553604126,,,
vanilla,82,0.015025451717774073,99.56888888888889,94.56,0.007783603724899264,6.66921329498291,,,
vanilla,83,0.010248881755272547,99.75111111111111,94.72,0.006962898649802819,5.2354583740234375,,,
vanilla,84,0.008424643734097481,99.81555555555556,95.26,0.0061846659978068265,4.8553056716918945,,,
vanilla,85,0.005712892538888587,99.9,95.22,0.005449673790581615,4.78299617767334,,,
vanilla,86,0.0050496581243971985,99.91333333333333,95.14,0.004758647376699036,4.772971153259277,,,
vanilla,87,0.004538455723909041,99.92666666666666,95.12,0.004112268715800957,4.733942985534668,,,
vanilla,88,0.00341447028066549,99.96444444444444,95.32,0.003511175705587435,4.753315448760986,,,
vanilla,89,0.003357565039810207,99.95111111111112,95.26,0.0029559615522887295,4.734225749969482,,,
vanilla,90,0.003189789311753379,99.95777777777778,95.4,0.0024471741852423253,4.754723072052002,,,
vanilla,91,0.0031123717098600337,99.95555555555555,95.44,0.0019853157161528537,4.743359565734863,,,
vanilla,92,0.0030009329240355226,99.95777777777778,95.66,0.0015708419435684529,4.74475622177124,,,
vanilla,93,0.0027528255434499846,99.96666666666667,95.7,0.0012041619030626347,4.747873544692993,,,
vanilla,94,0.0024962114781555203,99.98,95.66,0.0008856374635655646,4.753608465194702,,,
vanilla,95,0.002606416562654906,99.97111111111111,95.76,0.0006155829702431174,4.735461473464966,,,
vanilla,96,0.0023923915057546563,99.97555555555556,95.62,0.00039426493427611206,4.7383928298950195,,,
vanilla,97,0.002439955034479499,99.98666666666666,95.66,0.00022190176984600036,4.750540494918823,,,
vanilla,98,0.002177557683094508,99.98666666666666,95.7,9.866357858642213e-05,4.726303339004517,,,
vanilla,99,0.002502432160741753,99.97555555555556,95.74,2.4671981713420017e-05,4.755029916763306,,,
vanilla,100,0.0024251011228809756,99.98222222222222,95.66,0.0,4.727480888366699,,,
gcsc,1,2.4137926367441813,12.977777777777778,22.98,0.09997532801828658,6.828821897506714,,,
gcsc,2,1.8574654018825956,29.215555555555557,43.4,0.09990133642141358,6.273527383804321,,,
gcsc,3,1.5141197333653769,44.62,53.86,0.099778098230154,6.252796411514282,,,
gcsc,4,1.2369989362504747,56.14666666666667,59.72,0.0996057350657239,6.275635719299316,,,
gcsc,5,1.0677093017260233,62.18888888888889,63.64,0.09938441702975688,6.268209457397461,,,
gcsc,6,0.9264806002934773,67.35777777777778,72.48,0.09911436253643444,6.277305603027344,,,
gcsc,7,0.8232636933114793,71.25333333333333,76.12,0.09879583809693737,6.3047194480896,,,
gcsc,8,0.7622785522143046,73.66,77.06,0.09842915805643156,6.2715678215026855,,,
gcsc,9,0.7138302879969279,75.23777777777778,74.9,0.09801468428384716,6.279912710189819,,,
gcsc,10,0.6898554879612393,76.18222222222222,80.52,0.09755282581475769,6.26364803314209,,,
gcsc,11,0.6518573276837667,77.65555555555555,79.82,0.09704403844771128,6.266052484512329,,,
gcsc,12,0.6392728800455729,77.90444444444445,81.5,0.09648882429441258,6.268261909484863,,,
gcsc,13,0.6190572204377917,78.83333333333333,81.62,0.09588773128419906,6.288482189178467,,,
gcsc,14,0.605295882956187,79.15555555555555,76.2,0.09524135262330098,6.284966230392456,,,
gcsc,15,0.5794671823130714,80.27555555555556,80.1,0.0945503262094184,6.256582021713257,,,
gcsc,16,0.5798191771719191,80.02,77.7,0.09381533400219319,6.271337509155273,,,
gcsc,17,0.5576542270236545,80.86444444444444,72.0,0.0930371013501972,6.238289833068848,,,
gcsc,18,0.5507847844918569,81.30444444444444,83.34,0.09221639627510078,6.261279821395874,,,
gcsc,19,0.5359484367370605,81.60444444444444,78.04,0.09135402871372812,6.271799325942993,,,
gcsc,20,0.5330490668084886,81.79333333333334,82.52,0.09045084971874741,6.25670599937439,,,
gcsc,21,0.5267374990145366,81.83111111111111,77.6,0.08950775061878455,6.263658761978149,,,
gcsc,22,0.5180373105684917,82.36,82.28,0.0885256621387895,6.266597032546997,,,
gcsc,23,0.4950470433447096,83.05555555555556,84.9,0.08750555348152302,6.251232147216797,,,
gcsc,24,0.5001233439763387,83.04222222222222,77.62,0.08644843137107061,6.262740612030029,,,
gcsc,25,0.4926045905960931,83.34222222222222,82.34,0.0853553390593274,6.27491021156311,,,
gcsc,26,0.4872853015899658,83.35111111111111,83.94,0.08422735529643446,6.266458511352539,,,
gcsc,27,0.47846436387168034,83.60444444444444,83.36,0.08306559326618262,6.279745578765869,,,
gcsc,28,0.47104922746022543,83.82222222222222,82.08,0.08187119948743452,6.337515354156494,,,
gcsc,29,0.46402556864420574,84.16444444444444,84.24,0.08064535268264886,6.314990997314453,,,
gcsc,30,0.46490521516799926,84.07111111111111,87.08,0.0793892626146237,6.33857536315918,,,
gcsc,31,0.4566491221904755,84.39111111111112,83.7,0.07810416889260657,6.334642648696899,,,
gcsc,32,0.4513432079209222,84.61333333333333,84.34,0.07679133974894986,6.291745901107788,,,
gcsc,33,0.44111774332258435,84.92666666666666,85.62,0.0754520707875186,6.255507469177246,,,
gcsc,34,0.43660181765556333,85.04,84.0,0.0740876837050858,6.270226716995239,,,
gcsc,35,0.42989059929317897,85.30222222222223,86.94,0.07269952498697738,6.260080575942993,,,
gcsc,36,0.4295384241633945,85.42222222222222,86.24,0.07128896457825366,6.234090566635132,,,
gcsc,37,0.41788319799635143,85.74,85.6,0.06985739453173906,6.253988027572632,,,
gcsc,38,0.41254850333531695,85.88888888888889,84.74,0.06840622763423394,6.2574241161346436,,,
gcsc,39,0.4123924754513635,85.74222222222222,85.58,0.06693689601226462,6.267902851104736,,,
gcsc,40,0.40625495745870804,85.96444444444444,89.1,0.06545084971874741,6.252021551132202,,,
gcsc,41,0.39969866055382625,86.47777777777777,87.42,0.06394955530196152,6.255992412567139,,,
gcsc,42,0.38858672903908625,86.72666666666667,84.94,0.062434494358242776,6.260161399841309,,,
gcsc,43,0.38580231694115535,86.78444444444445,82.64,0.06090716206982718,6.259491682052612,,,
gcsc,44,0.38259232715500724,86.95333333333333,88.28,0.05936906572928628,6.255127191543579,,,
gcsc,45,0.3724211749871572,87.27333333333333,89.1,0.05782172325201159,6.26782488822937,,,
gcsc,46,0.3686048491477966,87.37777777777778,88.38,0.056266661678215264,6.2840256690979,,,
gcsc,47,0.3603726648807526,87.75111111111111,88.7,0.05470541566592575,6.28866720199585,,,
gcsc,48,0.35645228429370457,87.83333333333333,88.72,0.053139525976465714,6.358378887176514,,,
gcsc,49,0.346980661450492,88.00888888888889,88.02,0.05157053795390645,6.402013540267944,,,
gcsc,50,0.34751121895578174,88.12,89.42,0.05000000000000004,6.439198732376099,,,
gcsc,51,0.3333468900044759,88.70222222222222,88.34,0.04842946204609362,6.245996713638306,,,
gcsc,52,0.32679630233976575,88.7311111111111,89.22,0.04686047402353437,6.262704610824585,,,
gcsc,53,0.3237667424943712,89.05555555555556,88.78,0.045294584334074316,6.254676103591919,,,
gcsc,54,0.3142409350448185,89.18444444444444,89.4,0.043733338321784825,6.231462478637695,,,
gcsc,55,0.3074572368515862,89.6,89.26,0.042178276747988484,6.243478536605835,,,
gcsc,56,0.3046900743060642,89.50444444444445,89.66,0.0406309342707138,6.234492778778076,,,
gcsc,57,0.2960920719305674,89.95555555555555,87.64,0.039092837930172916,6.245441913604736,,,
gcsc,58,0.2923895397451189,89.93777777777778,90.74,0.037565505641757285,6.26179313659668,,,
gcsc,59,0.28043096078766716,90.2688888888889,88.94,0.03605044469803857,6.2684242725372314,,,
gcsc,60,0.2740494994799296,90.5911111111111,90.76,0.034549150281252675,6.254263401031494,,,
gcsc,61,0.26556858282089235,90.88666666666667,90.28,0.03306310398773546,6.252924680709839,,,
gcsc,62,0.25975718335840436,91.01555555555555,91.74,0.031593772365766146,6.2660510540008545,,,
gcsc,63,0.2522811032401191,91.36888888888889,90.36,0.030142605468260992,6.261078834533691,,,
gcsc,64,0.24328795036209955,91.64888888888889,91.6,0.028711035421746394,6.246509313583374,,,
gcsc,65,0.23867719095547993,91.82222222222222,89.76,0.027300475013022688,6.263468027114868,,,
gcsc,66,0.2283438368850284,92.25333333333333,91.42,0.025912316294914254,6.263911724090576,,,
gcsc,67,0.22079945607715182,92.44444444444444,91.72,0.02454792921248146,6.254085540771484,,,
gcsc,68,0.21210228907267253,92.72222222222223,90.7,0.02320866025105018,6.274363994598389,,,
gcsc,69,0.20243739257123736,93.04888888888888,92.54,0.021895831107393487,6.2429516315460205,,,
gcsc,70,0.19527183123694525,93.28444444444445,92.32,0.02061073738537637,6.245040416717529,,,
gcsc,71,0.1882203680197398,93.58444444444444,92.94,0.01935464731735119,6.301225185394287,,,
gcsc,72,0.17556522160636054,93.98666666666666,93.64,0.018128800512565532,6.328121185302734,,,
gcsc,73,0.16786146149900225,94.30222222222223,93.18,0.016934406733817433,6.4095964431762695,,,
gcsc,74,0.1609413856903712,94.41333333333333,92.92,0.01577264470356558,6.634689569473267,,,
gcsc,75,0.15186455798943838,94.81111111111112,94.02,0.014644660940672643,6.680030345916748,,,
gcsc,76,0.1479083128200637,95.04666666666667,92.98,0.013551568628929448,6.831669807434082,,,
gcsc,77,0.13486688963572185,95.36,93.86,0.012494446518477033,6.745682716369629,,,
gcsc,78,0.13227844439612493,95.54222222222222,94.32,0.011474337861210555,6.695968866348267,,,
gcsc,79,0.11908731892373826,96.01777777777778,93.46,0.01049224938121549,6.680927753448486,,,
gcsc,80,0.1124904422601064,96.20666666666666,94.2,0.009549150281252642,6.673439264297485,,,
gcsc,81,0.10204594017399682,96.61333333333333,94.22,0.008645971286271922,6.7212233543396,,,
gcsc,82,0.09202347961862882,96.90666666666667,94.52,0.007783603724899264,6.646055459976196,,,
gcsc,83,0.08503936485581928,97.16666666666667,94.4,0.006962898649802819,6.643918991088867,,,
gcsc,84,0.07998541215923097,97.36,94.82,0.0061846659978068265,6.524452209472656,,,
gcsc,85,0.07727925566302406,97.36666666666666,94.64,0.005449673790581615,6.351865291595459,,,
gcsc,86,0.06849433886342579,97.77555555555556,94.78,0.004758647376699036,6.321090936660767,,,
gcsc,87,0.0629030179341634,98.00444444444445,95.24,0.004112268715800957,6.3638975620269775,,,
gcsc,88,0.05493217711382442,98.20444444444445,95.06,0.003511175705587435,6.496883153915405,,,
gcsc,89,0.05192346425188912,98.35111111111111,95.48,0.0029559615522887295,6.6474504470825195,,,
gcsc,90,0.04914181918435626,98.43111111111111,95.74,0.0024471741852423253,6.6601409912109375,,,
gcsc,91,0.04441288383139504,98.58222222222223,95.86,0.0019853157161528537,6.6526100635528564,,,
gcsc,92,0.042225676620006564,98.6288888888889,95.52,0.0015708419435684529,6.724390745162964,,,
gcsc,93,0.038403702426619,98.78888888888889,95.5,0.0012041619030626347,6.702611207962036,,,
gcsc,94,0.039234239482879636,98.81555555555556,95.66,0.0008856374635655646,6.696256399154663,,,
gcsc,95,0.034938967072301444,98.91555555555556,95.76,0.0006155829702431174,6.702915191650391,,,
gcsc,96,0.034372228451735445,98.95111111111112,95.86,0.00039426493427611206,6.696698904037476,,,
gcsc,97,0.03321668121533261,98.96888888888888,95.76,0.00022190176984600036,6.637354373931885,,,
gcsc,98,0.032105195848147076,99.02444444444444,95.74,9.866357858642213e-05,6.498671054840088,,,
gcsc,99,0.03289034432421128,99.00666666666666,95.74,2.4671981713420017e-05,6.400498151779175,,,
gcsc,100,0.0323744663198789,98.97555555555556,95.78,0.0,6.362520933151245,,,
proser,1,,,95.0,0.0009990133642141358,,0.08907877632670781,0.14126387381375852,2.9118016961623323
proser,2,,,94.98,0.000996057350657239,,0.10800849481231788,0.015252707862104713,2.1264641010625795
proser,3,,,95.08,0.0009911436253643444,,0.10560063207098706,0.012405214894732291,2.0804051885550674
proser,4,,,95.18,0.0009842915805643156,,0.10310799266550351,0.011157491548643024,1.9750329064713283
proser,5,,,95.06,0.0009755282581475769,,0.10424095212312584,0.011158890576387586,1.9329347737472167
proser,6,,,94.98,0.0009648882429441258,,0.10013498374345628,0.012867659422971139,1.5556970652277498
proser,7,,,94.54,0.0009524135262330099,,0.06875925875713372,0.017808878609106283,0.6988775609907779
proser,8,,,94.42,0.0009381533400219318,,0.05205670638348569,0.018506943438710136,0.4989034355120649
proser,9,,,92.88,0.0009221639627510075,,0.05796499778146178,0.015211440333091146,0.8651655741268769
proser,10,,,93.54,0.0009045084971874736,,0.041584844039541415,0.016669190584004602,0.35385260465872387
proser,11,,,94.54,0.0008852566213878945,,0.036446947741999546,0.01435341244690459,0.4596677506130866
proser,12,,,92.82,0.0008644843137107056,,0.032643493090290576,0.01526621704000387,0.1653035941337955
proser,13,,,93.52,0.0008422735529643443,,0.024278440109231848,0.013252038619777357,0.19758877004708417
proser,14,,,90.42,0.0008187119948743448,,0.026435951953647997,0.01131990643228743,0.37925555867894384
proser,15,,,92.76,0.0007938926261462366,,0.02211290960522919,0.011545442735289478,0.1524883228703402
proser,16,,,93.8,0.0007679133974894982,,0.023902253361567007,0.010717057443054562,0.4784040054946672
proser,17,,,93.48,0.0007408768370508576,,0.06721258325110697,0.009308843583725817,1.0985991680274971
proser,18,,,93.78,0.0007128896457825362,,0.033436769677791744,0.010945220338974403,0.3117899701835334
proser,19,,,92.42,0.0006840622763423389,,0.02884703678269447,0.010905604187758978,0.3374019225196786
proser,20,,,91.6,0.0006545084971874735,,0.023900166307364336,0.01026905360975599,0.20173703140409832
proser,21,,,93.96,0.0006243449435824271,,0.019193043223243545,0.009519488462088206,0.20456728887934747
proser,22,,,91.66,0.0005936906572928622,,0.021796267539188688,0.009847854252174411,0.23667484397513114
proser,23,,,93.22,0.000562666616782152,,0.021658056100766935,0.009666687794378959,0.2035240153133848
proser,24,,,93.98,0.0005313952597646566,,0.02075489147285804,0.009111454624375752,0.15936085473433856
proser,25,,,89.52,0.0004999999999999998,,0.01673214600172783,0.009176762565568259,0.11485261923570017
proser,26,,,92.22,0.00046860474023534314,,0.01554899848071562,0.00873199002737899,0.10381437010602729
proser,27,,,89.72,0.00043733338321784774,,0.015643947792175986,0.008751186577931301,0.1530362091580173
proser,28,,,91.22,0.00040630934270713756,,0.011869729512413456,0.007347559615895575,0.07179978223311165
proser,29,,,90.96,0.00037565505641757246,,0.013894686466797297,0.007810584532721391,0.09170570849594449
proser,30,,,90.12,0.00034549150281252633,,0.014391681508806703,0.0075487582719440316,0.09214663724494378
proser,31,,,93.1,0.00031593772365766105,,0.012126886807064611,0.00717079933251212,0.09667515413126569
proser,32,,,91.84,0.00028711035421746355,,0.010939295785977843,0.007254598525336901,0.047900903065138584
proser,33,,,92.08,0.0002591231629491422,,0.011335216415649153,0.006617251752521208,0.09811895780413496
proser,34,,,92.78,0.00023208660251050145,,0.010766161134101409,0.006630215096679008,0.10924658593748146
proser,35,,,90.38,0.00020610737385376337,,0.010455317088185851,0.00641181961956053,0.07035154914113016
proser,36,,,93.32,0.00018128800512565502,,0.011249106380009007,0.006615234432419212,0.11384247039148415
proser,37,,,90.1,0.00015772644703565555,,0.01096451777861644,0.006490054574070117,0.06664970610952216
proser,38,,,90.06,0.00013551568628929425,,0.009414658797058191,0.005967700570181478,0.050927915497926406
proser,39,,,89.98,0.00011474337861210535,,0.009499499885846903,0.0063335343617258,0.021346530297622932
proser,40,,,91.12,9.549150281252626e-05,,0.010115252454521727,0.006379948656434532,0.05201500438323075
proser,41,,,90.26,7.783603724899252e-05,,0.008226301525031555,0.005594499407214409,0.031134904798818752
proser,42,,,89.8,6.184665997806817e-05,,0.00979439937178871,0.00623983628412878,0.06555612406571693
proser,43,,,90.14,4.7586473766990294e-05,,0.008808633585100655,0.006180570084490517,0.027829635025806387
proser,44,,,91.3,3.5111757055874305e-05,,0.009220887176607821,0.00629564307349607,0.04856794053127735
proser,45,,,93.06,2.4471741852423218e-05,,0.009221943795802707,0.00573389848630706,0.037058225548455746
proser,46,,,92.74,1.5708419435684507e-05,,0.00808881595135476,0.005578759844700637,0.025060095922195946
proser,47,,,91.26,8.856374635655634e-06,,0.008315814768800257,0.0058026686727482065,0.02215195290971844
proser,48,,,90.86,3.942649342761115e-06,,0.007536460445738736,0.005541051222032614,0.03363421963215594
proser,49,,,91.66,9.866357858642198e-07,,0.009481409171051135,0.006145833420636005,0.04278744127209806
proser,50,,,89.7,0.0,,0.00850628692503299,0.005744534838992298,0.013754667900767263
