run,method,epoch,classification_loss,alignment_loss,discriminator_accuracy,grl_coefficient,gradient_norm_mean,gradient_norm_max,clipped_fraction,feature_norm_mean,class_logit_max,domain_logit_max,backbone_gradient_mean,discriminator_gradient_mean,batchnorm_gamma_max,epoch_seconds,photo_accuracy,photo_macro_f1,art_painting_accuracy,art_painting_macro_f1,cartoon_accuracy,cartoon_macro_f1,mean_source_accuracy,mean_source_macro_f1,mmd_penalty,sam_perturbed_loss,worst_source_accuracy,worst_source_domain_by_accuracy,worst_source_macro_f1,worst_source_domain_by_macro_f1
erm,erm,1,0.5428268269181545,0.0,,0.0,12.903831033283854,39.86454391479492,100.0,52.000490705367966,26.02709007263184,0.0,12.903831066169175,0.0,2.405952453613281,9.707836151123049,94.311377245509,93.3507872584061,82.4390243902439,82.46628355318755,90.8315565031983,91.52973567390538,89.19398604631708,89.11560216183301,,,,,,
erm,erm,2,0.2581022451884053,0.0,,0.0,10.172901142406934,27.316049575805664,100.0,58.37833985201831,35.83089828491211,0.0,10.17290110717266,0.0,2.4057719707489014,7.149059534072876,95.50898203592814,94.71721756002152,85.85365853658537,85.80294490673307,90.8315565031983,91.88631833564578,90.73139902523728,90.8021602674668,,,,,,
erm,erm,3,0.1927056362866217,0.0,,0.0,10.086602313911971,43.17391586303711,98.0295566502463,62.40744178283391,36.31642532348633,0.0,10.086602307452356,0.0,2.405203342437744,6.850387334823608,93.4131736526946,92.65768623352685,87.07317073170732,86.11716627025754,84.64818763326227,85.93467839788204,88.37817733922141,88.23651030055548,,,,,,
erm,erm,4,0.1550142263300863,0.0,,0.0,9.58057344312151,43.03499221801758,95.5665024630542,69.77467126329545,49.42036437988281,0.0,9.580573477915356,0.0,2.4048025608062744,6.867202043533325,95.50898203592814,94.87916219119226,90.48780487804878,90.74277515110109,94.02985074626866,94.30066928561332,93.3422125534152,93.30753554263556,,,,,,
erm,erm,5,0.1412301702147322,0.0,,0.0,9.85624507774273,40.70110321044922,94.58128078817734,74.362822377623,58.34048461914063,0.0,9.856245091469416,0.0,2.4050886631011963,6.844845294952393,97.0059880239521,96.34805647604988,89.02439024390245,88.94234485509092,93.81663113006395,94.42557022809125,93.28233646597285,93.23865718641066,,,,,,
erm,erm,6,0.1196826558284757,0.0,,0.0,8.391265136038362,31.136682510375977,84.23645320197045,78.76864251949517,78.87361145019531,0.0,8.391265135010695,0.0,2.404863119125366,6.7628278732299805,95.80838323353294,95.06586893193357,90.73170731707316,90.4721557032712,94.88272921108742,95.5374477439476,93.80760658723118,93.69182412638412,,,,,,
erm,erm,7,0.1007525641102488,0.0,,0.0,8.212036804949264,42.8740234375,85.71428571428571,81.17046217143242,74.48693084716797,0.0,8.212036799599893,0.0,2.404487371444702,6.909278392791748,96.40718562874252,95.79609245309926,89.26829268292683,88.91495929365028,94.45628997867804,94.84058025125148,93.37725609678246,93.183877332667,,,,,,
erm,erm,8,0.0856044173119519,0.0,,0.0,7.666566028348297,38.05998229980469,75.86206896551724,90.76985619455722,83.49050903320312,0.0,7.666566044793251,0.0,2.404946804046631,7.028661251068115,95.80838323353294,94.98375088567649,87.8048780487805,88.3234982847354,93.3901918976546,93.78745047734466,92.33448439332268,92.36489988258552,,,,,,
erm,erm,9,0.0801294243336865,0.0,,0.0,7.811625606791871,32.35487365722656,71.92118226600985,93.46738242163448,81.13839721679688,0.0,7.81162560475489,0.0,2.405320882797241,7.011389493942261,96.10778443113772,95.61299580084612,90.48780487804878,90.45092339944404,94.66950959488273,95.0492695435396,93.75503296802306,93.70439624794324,,,,,,
erm,erm,10,0.0655146072900789,0.0,,0.0,6.0387336203636055,31.26443862915039,59.60591133004926,104.50719098621988,107.57772064208984,0.0,6.038733675407981,0.0,2.405465602874756,6.68969464302063,94.01197604790418,93.22055628237804,87.5609756097561,87.62846011384762,94.02985074626866,94.47899303689653,91.86760080130964,91.77600314437404,,,,,,
erm,erm,11,0.04754030164765,0.0,,0.0,6.371042762800642,44.2841682434082,49.26108374384236,115.44060711790188,114.33318328857422,0.0,6.37104273689076,0.0,2.4066903591156006,6.891005516052246,97.0059880239521,96.37666149897068,87.3170731707317,87.0221597293167,95.52238805970148,95.83909631645318,93.28181641812844,93.07930584824685,,,,,,
erm,erm,12,0.0656143830074983,0.0,,0.0,7.704144696915112,39.707763671875,53.20197044334975,114.27330772512651,142.98965454101562,0.0,7.704144716105862,0.0,2.408034086227417,6.962057113647461,96.7065868263473,96.14734616007284,89.26829268292683,89.2334873739029,94.24307036247336,94.23109196247668,93.40598329058248,93.20397516548417,,,,,,
erm,erm,13,0.0527376810961593,0.0,,0.0,6.06623160018222,39.71192169189453,51.23152709359606,118.39645021184911,118.55502319335938,0.0,6.066231591979527,0.0,2.407087802886963,7.549507856369018,96.7065868263473,96.0839320687668,88.04878048780488,88.13452733479637,94.02985074626866,94.21133446286404,92.92840602014029,92.80993128880908,,,,,,
erm,erm,14,0.0777017278617058,0.0,,0.0,7.7758760215684815,53.34146499633789,60.09852216748769,104.79761196944514,136.12648010253906,0.0,7.775876073093444,0.0,2.406458854675293,7.73824143409729,95.50898203592814,94.62667591794668,88.29268292682927,87.9853857641657,95.73560767590618,96.01442307736242,93.17909087955452,92.87549491982492,,,,,,
dan_dg,dan_dg,1,0.5331930350420511,,,,,,,,,,,,,7.226516246795654,91.01796407185628,89.45768017351868,80.2439024390244,79.49743809668466,87.63326226012794,87.7740983436653,86.29837625700287,85.5764055379562,0.057164686268626766,,80.2439024390244,art_painting,79.49743809668466,art_painting
dan_dg,dan_dg,2,0.27097598266021666,,,,,,,,,,,,,6.144561767578125,92.51497005988024,91.62397137803694,84.6341463414634,84.24571352017975,91.47121535181236,92.05972510061694,89.54011058438533,89.30980333294455,0.028772583713621964,,84.6341463414634,art_painting,84.24571352017975,art_painting
dan_dg,dan_dg,3,0.17913098873231065,,,,,,,,,,,,,6.094593048095703,93.7125748502994,92.59726458023803,83.17073170731707,81.26702628419844,90.8315565031983,90.93749264089433,89.23828768693825,88.26726116844361,0.02863368531344963,,83.17073170731707,art_painting,81.26702628419844,art_painting
dan_dg,dan_dg,4,0.16152251614320776,,,,,,,,,,,,,6.046184539794922,94.91017964071857,93.82761574151814,85.60975609756098,85.21186933855361,91.68443496801706,91.83049589160571,90.73479023543219,90.28999365722582,0.018757301121216104,,85.60975609756098,art_painting,85.21186933855361,art_painting
dan_dg,dan_dg,5,0.1454952497358131,,,,,,,,,,,,,5.8465540409088135,94.311377245509,93.59486809039143,87.5609756097561,87.12316356215973,91.25799573560768,92.09888745945509,91.04344953029091,90.93897303733542,0.018415919168322668,,87.5609756097561,art_painting,87.12316356215973,art_painting
dan_dg,dan_dg,6,0.13293128006672517,,,,,,,,,,,,,5.91011643409729,96.40718562874252,95.66077858344805,90.0,89.50521638147548,94.24307036247335,94.77568463565687,93.5500853304053,93.31389320019348,0.021467411887185105,,90.0,art_painting,89.50521638147548,art_painting
dan_dg,dan_dg,7,0.1327510392069679,,,,,,,,,,,,,5.704855442047119,94.61077844311377,94.10908540448493,83.90243902439025,83.92558350108828,93.60341151385929,93.91551074247106,90.70554299378777,90.65005988268142,0.022753693948481507,,83.90243902439025,art_painting,83.92558350108828,art_painting
dan_dg,dan_dg,8,0.11377003351559065,,,,,,,,,,,,,5.545891523361206,93.41317365269461,92.27707222958685,89.26829268292683,89.07287127189784,91.47121535181236,91.61393132213819,91.3842272291446,90.98795827454096,0.026455354357248384,,89.26829268292683,art_painting,89.07287127189784,art_painting
dan_dg,dan_dg,9,0.10216443061947895,,,,,,,,,,,,,5.494032621383667,91.91616766467065,90.56603297993809,87.3170731707317,87.28834236876267,92.75053304904051,93.39249231770509,90.66125796148094,90.4156225554686,0.024414908846199693,,87.3170731707317,art_painting,87.28834236876267,art_painting
dan_dg,dan_dg,10,0.08885301370532114,,,,,,,,,,,,,5.345855236053467,95.80838323353294,95.26106678735674,90.73170731707317,90.66690990172195,92.75053304904051,93.16454147427723,93.09687453321555,93.0308393877853,0.011474048012289507,,90.73170731707317,art_painting,90.66690990172195,art_painting
dan_dg,dan_dg,11,0.09091670116211237,,,,,,,,,,,,,5.373134613037109,95.80838323353294,94.98339082796134,87.3170731707317,87.56350413525979,92.11087420042644,92.44995628315701,91.74544353489703,91.66561708212605,0.002409792522982387,,87.3170731707317,art_painting,87.56350413525979,art_painting
sam,sam,1,0.7642741859546436,,,,,,,,,,,,,6.387756109237671,94.01197604790418,92.7526794583126,85.1219512195122,85.22147494050574,88.05970149253731,89.21755750919475,89.06454291998456,89.06390396933769,,1.1170861469994624,85.1219512195122,art_painting,85.22147494050574,art_painting
sam,sam,2,0.26985238319987737,,,,,,,,,,,,,5.74502158164978,95.20958083832335,94.40851049612104,87.8048780487805,87.72000987798395,91.04477611940298,91.44057278719654,91.35307833550227,91.18969772043386,,0.5509209789959668,87.8048780487805,art_painting,87.72000987798395,art_painting
sam,sam,3,0.17034231289633978,,,,,,,,,,,,,5.702346563339233,95.80838323353294,95.18673040470046,89.51219512195122,89.19410365564619,93.81663113006397,94.23944337514465,93.04573649518271,92.87342581183043,,0.4037514312073515,89.51219512195122,art_painting,89.19410365564619,art_painting
sam,sam,4,0.13523456164328335,,,,,,,,,,,,,5.763943910598755,96.7065868263473,96.04970823940329,91.46341463414635,92.03888841853102,93.17697228144989,93.46575653024033,93.78232458064785,93.85145106272489,,0.3454444859855868,91.46341463414635,art_painting,92.03888841853102,art_painting
sam,sam,5,0.10053155351925659,,,,,,,,,,,,,5.821457147598267,96.40718562874252,95.7845721927054,92.19512195121952,91.9438165288099,94.88272921108742,95.49592002772918,94.49501226368314,94.40810291641482,,0.28605222182687867,92.19512195121952,art_painting,91.9438165288099,art_painting
sam,sam,6,0.07482614464601364,,,,,,,,,,,,,5.760611295700073,96.7065868263473,96.187812029191,91.95121951219512,92.30031403843226,94.66950959488273,95.08861131763162,94.44243864447505,94.5255791284183,,0.24483073007297046,91.95121951219512,art_painting,92.30031403843226,art_painting
sam,sam,7,0.06562745180736546,,,,,,,,,,,,,5.7905027866363525,97.30538922155688,96.7538619932191,91.46341463414635,91.66583567611261,94.88272921108742,95.06576214068207,94.55051102226355,94.4951532700046,,0.2253667602723859,91.46341463414635,art_painting,91.66583567611261,art_painting
sam,sam,8,0.04155582827980415,,,,,,,,,,,,,5.989018440246582,96.10778443113772,95.33067494347017,89.26829268292683,89.03307174268333,95.3091684434968,95.8314130467244,93.56174851918712,93.39838657762596,,0.17702927281667152,89.26829268292683,art_painting,89.03307174268333,art_painting
sam,sam,9,0.03615953989954622,,,,,,,,,,,,,6.0687415599823,97.0059880239521,96.42136858318906,90.0,89.76447665644481,95.0959488272921,95.64613281325444,94.03397895041473,93.9439926842961,,0.17286788362073782,90.0,art_painting,89.76447665644481,art_painting
sam,sam,10,0.02896450085485448,,,,,,,,,,,,,6.230015754699707,96.40718562874252,95.77225703789789,92.19512195121952,92.17633347396735,94.88272921108742,95.4378928258538,94.49501226368314,94.46216111257301,,0.15047438454520637,92.19512195121952,art_painting,92.17633347396735,art_painting
sam,sam,11,0.02467178372927744,,,,,,,,,,,,,5.914157867431641,97.0059880239521,96.391796304309,91.95121951219512,92.3552927406213,94.66950959488273,95.28681964447013,94.54223904367666,94.67796956313349,,0.1478363278899984,91.95121951219512,art_painting,92.3552927406213,art_painting
sam,sam,12,0.01898413027280866,,,,,,,,,,,,,5.856185674667358,96.7065868263473,96.06751801313548,91.46341463414635,91.29442021735625,94.88272921108742,95.32634942912782,94.35091022386037,94.22942921987317,,0.13073718119320904,91.46341463414635,art_painting,91.29442021735625,art_painting
sam,sam,13,0.016316176970415344,,,,,,,,,,,,,5.689903497695923,96.40718562874252,95.60945487288825,91.46341463414635,91.47936417460973,96.58848614072495,96.97951808162354,94.81969546787127,94.68944570970717,,0.12329518412620637,91.46341463414635,art_painting,91.47936417460973,art_painting
sam,sam,14,0.010737395025141712,,,,,,,,,,,,,5.724207639694214,97.30538922155688,96.88772197613996,92.4390243902439,91.73655835354026,95.0959488272921,95.39499497107123,94.94678747969762,94.67309176691715,,0.10819515594616165,92.4390243902439,art_painting,91.73655835354026,art_painting
sam,sam,15,0.011479760582525549,,,,,,,,,,,,,5.816624879837036,97.90419161676647,97.49693130697445,93.65853658536587,93.66857193202718,97.01492537313433,97.34788889705254,96.19255119175557,96.17113071201805,,0.1199761055056648,93.65853658536587,art_painting,93.66857193202718,art_painting
sam,sam,16,0.00742404223478507,,,,,,,,,,,,,5.781835556030273,97.90419161676647,97.46276129451002,93.17073170731707,92.9395640322953,96.37526652452026,96.7863950981356,95.8167299495346,95.72957347498031,,0.09494279453982805,93.17073170731707,art_painting,92.9395640322953,art_painting
sam,sam,17,0.006817388175127929,,,,,,,,,,,,,6.004122734069824,97.60479041916167,97.3063793528216,90.48780487804878,89.95552811313003,94.45628997867804,95.06462361183091,94.1829617586295,94.10884369259418,,0.09923296712403154,90.48780487804878,art_painting,89.95552811313003,art_painting
sam,sam,18,0.006874384000504703,,,,,,,,,,,,,5.8357462882995605,97.90419161676647,97.64336254738336,93.90243902439023,93.88609795630639,96.37526652452026,96.80650460672915,96.06063238855899,96.11198837013963,,0.11078690318935527,93.90243902439023,art_painting,93.88609795630639,art_painting
sam,sam,19,0.005932707691656482,,,,,,,,,,,,,5.766274690628052,96.10778443113772,95.4276841440472,92.92682926829269,93.0944527172749,95.3091684434968,95.65661426238566,94.78126071430906,94.72625037456926,,0.09560181335328156,92.92682926829269,art_painting,93.0944527172749,art_painting
sam,sam,20,0.004086090631676486,,,,,,,,,,,,,5.699580669403076,97.30538922155688,96.81238211240772,90.48780487804878,90.25189929451633,96.37526652452026,96.6544182872154,94.72282020804198,94.57289989804649,,0.08715774201480626,90.48780487804878,art_painting,90.25189929451633,art_painting
dan_dg_lambda_0.1,dan_dg,1,0.5307507691124977,,,,,,,,,,,,,5.998185873031616,94.61077844311377,93.48192997891597,83.41463414634146,83.970777866117,89.33901918976545,90.46095197018545,89.12147725974023,89.3045532717395,0.12474586882311943,,83.41463414634146,art_painting,83.970777866117,art_painting
dan_dg_lambda_0.1,dan_dg,2,0.256952186656446,,,,,,,,,,,,,5.569259405136108,95.50898203592814,94.60169920747742,88.53658536585365,87.79795443011507,88.69936034115139,89.2490849849395,90.91497591431107,90.549579540844,0.06641280736482881,,88.53658536585365,art_painting,87.79795443011507,art_painting
dan_dg_lambda_0.1,dan_dg,3,0.18322268921969082,,,,,,,,,,,,,5.291182994842529,96.40718562874252,95.65218953694591,88.29268292682927,87.58700381596543,93.81663113006397,93.99777500328167,92.83883322854525,92.41232278539768,0.04883394676243159,,88.29268292682927,art_painting,87.58700381596543,art_painting
dan_dg_lambda_0.1,dan_dg,4,0.1546112938779475,,,,,,,,,,,,,5.248914003372192,94.61077844311377,93.41338191091886,86.58536585365853,86.6144076644199,93.17697228144989,93.36221091083968,91.45770552607407,91.13000016205949,0.04746281796908052,,86.58536585365853,art_painting,86.6144076644199,art_painting
dan_dg_lambda_0.1,dan_dg,5,0.11980067629563815,,,,,,,,,,,,,5.1074628829956055,97.0059880239521,96.41540336525473,90.97560975609757,91.20011739538737,93.39019189765459,94.13042862518296,93.79059655923476,93.91531646194169,0.03757178821438107,,90.97560975609757,art_painting,91.20011739538737,art_painting
dan_dg_lambda_0.1,dan_dg,6,0.11010201799439832,,,,,,,,,,,,,5.072140216827393,95.80838323353294,95.14969026887492,88.04878048780488,88.30629561241457,93.60341151385929,93.72764738410953,92.48685841173237,92.3945444217997,0.03431122807541855,,88.04878048780488,art_painting,88.30629561241457,art_painting
dan_dg_lambda_0.1,dan_dg,7,0.09273281298336425,,,,,,,,,,,,,5.08181095123291,97.60479041916167,97.07004953173558,86.58536585365853,86.59053871981506,92.53731343283582,92.91443501775673,92.24248990188535,92.19167442310244,0.034875417115158756,,86.58536585365853,art_painting,86.59053871981506,art_painting
dan_dg_lambda_0.1,dan_dg,8,0.07064889225140299,,,,,,,,,,,,,5.121495008468628,97.30538922155688,96.74135868521543,88.04878048780488,88.32429177058255,93.81663113006397,94.24171607824344,93.05693361314191,93.10245551134715,0.04432703832994798,,88.04878048780488,art_painting,88.32429177058255,art_painting
dan_dg_lambda_0.1,dan_dg,9,0.074847053148283,,,,,,,,,,,,,5.18305230140686,97.0059880239521,96.3938790706156,88.04878048780488,88.71958386305117,94.02985074626866,94.44692229648727,93.02820641934188,93.18679507671801,0.03965910222166874,,88.04878048780488,art_painting,88.71958386305117,art_painting
dan_dg_lambda_0.1,dan_dg,10,0.07153595925447814,,,,,,,,,,,,,5.1068267822265625,95.20958083832335,94.5087096934708,89.02439024390245,88.31422637808787,94.88272921108742,95.22643177756969,93.03890009777108,92.68312261637612,0.015092124679043264,,89.02439024390245,art_painting,88.31422637808787,art_painting
dan_dg_lambda_10,dan_dg,1,1.9110084631172894,,,,,,,,,,,,,5.7355430126190186,26.047904191616766,6.542784021364192,21.951219512195124,5.163511187607573,17.270788912579956,4.207792207792208,21.756637538797282,5.304695805587991,0.10155201891352299,,17.270788912579956,cartoon,4.207792207792208,cartoon
dan_dg_lambda_10,dan_dg,2,1.9191119066012905,,,,,,,,,,,,,5.332858324050903,25.449101796407188,6.489088672569059,22.682926829268293,7.037221049145034,17.270788912579956,4.230869678767302,21.800939179418478,5.919059800160465,0.017015911432285907,,17.270788912579956,cartoon,4.230869678767302,cartoon
dan_dg_lambda_10,dan_dg,3,1.9497956237182241,,,,,,,,,,,,,5.492471694946289,18.263473053892216,10.27955410050077,16.82926829268293,11.145255888693509,21.535181236673772,10.519183255881169,18.875974194416305,10.647997748358483,0.027100288423851794,,16.82926829268293,art_painting,10.27955410050077,photo
dan_dg_lambda_10,dan_dg,4,1.9712144559240106,,,,,,,,,,,,,5.423859119415283,38.622754491017965,18.6619494897036,19.75609756097561,8.977231231346945,14.498933901918976,7.618040884568264,24.29259531797085,11.752407201872936,0.020528485243818884,,14.498933901918976,cartoon,7.618040884568264,cartoon
dan_dg_lambda_10,dan_dg,5,1.9309907047619372,,,,,,,,,,,,,5.376666069030762,38.32335329341318,19.767343152613442,21.463414634146343,13.077075226607935,17.057569296375267,10.676983011974476,25.61477907464493,14.507133797065286,0.017915608731397827,,17.057569296375267,cartoon,10.676983011974476,cartoon
dan_dg_lambda_10,dan_dg,6,1.9085075602742838,,,,,,,,,,,,,5.5403361320495605,42.21556886227545,29.798931389216442,22.195121951219512,17.720261043228337,22.81449893390192,18.761278447258103,29.075063249132295,22.093490293234296,0.014322235965395915,,22.195121951219512,art_painting,17.720261043228337,art_painting
dan_dg_lambda_10,dan_dg,7,1.833447545620021,,,,,,,,,,,,,5.437322616577148,44.01197604790419,28.60471392885059,23.414634146341466,20.060615527947398,22.174840085287848,20.775856867257225,29.867150093177838,23.147062108018407,-0.027230016426114466,,22.174840085287848,cartoon,20.060615527947398,art_painting
dan_dg_lambda_10,dan_dg,8,1.8698843940725467,,,,,,,,,,,,,5.323248863220215,31.736526946107784,15.177524019944919,22.439024390243905,11.059912589087638,15.778251599147122,7.594967982740321,23.31793431183294,11.277468197257626,0.011614618034691554,,15.778251599147122,cartoon,7.594967982740321,cartoon
dan_dg_lambda_10,dan_dg,9,1.8758883071063188,,,,,,,,,,,,,5.455626964569092,38.92215568862276,23.502098856642892,24.634146341463413,20.202534496458963,19.616204690831555,19.98704078147972,27.724168906972576,21.230558044860526,-0.0037414113399710305,,19.616204690831555,cartoon,19.98704078147972,cartoon
dan_dg_lambda_10,dan_dg,10,1.8277142717333263,,,,,,,,,,,,,5.559590101242065,41.01796407185629,22.440840763261797,28.780487804878046,17.976326909409885,23.66737739872068,18.087033621874067,31.15527642515167,19.50140043151525,0.017876259713052896,,23.66737739872068,cartoon,17.976326909409885,art_painting
dan_dg_lambda_10,dan_dg,11,1.8073368606896236,,,,,,,,,,,,,5.566197395324707,47.30538922155689,35.143880584854166,22.926829268292686,16.90368637159451,28.78464818763326,28.375074741883417,33.00562222582761,26.807547232777363,-0.006664324144653866,,22.926829268292686,art_painting,16.90368637159451,art_painting
dan_dg_lambda_10,dan_dg,12,1.7698267216752903,,,,,,,,,,,,,5.551304578781128,45.50898203592814,30.595797287085613,24.146341463414632,20.887583214410512,24.946695095948826,23.65618003706091,31.534006198430532,25.04652017951901,-0.030070462134515343,,24.146341463414632,art_painting,20.887583214410512,art_painting
dan_dg_lambda_10,dan_dg,13,1.8234078114843133,,,,,,,,,,,,,5.579391717910767,42.51497005988024,31.390652474525403,28.04878048780488,21.779945981007724,29.637526652452024,27.31251644343614,33.400425733379045,26.827704966323086,0.04247130533299533,,28.04878048780488,art_painting,21.779945981007724,art_painting
dan_dg_lambda_10,dan_dg,14,1.7620919255787515,,,,,,,,,,,,,5.538582801818848,46.706586826347305,30.33676254915193,24.390243902439025,20.6752390301456,28.997867803837952,29.043343559157503,33.36489951087476,26.68511504615168,-0.007152345685081572,,24.390243902439025,art_painting,20.6752390301456,art_painting
dan_dg_lambda_10,dan_dg,15,1.7470237210466357,,,,,,,,,,,,,5.2494871616363525,45.808383233532936,29.653200849579935,24.390243902439025,21.539316419677792,25.37313432835821,23.820165510191906,31.85725382144339,25.004227593149878,0.011652503832440658,,24.390243902439025,art_painting,21.539316419677792,art_painting
dan_dg_lambda_10,dan_dg,16,1.7194457899760731,,,,,,,,,,,,,5.290746450424194,47.604790419161674,36.03864312309371,22.439024390243905,21.150211054254395,28.78464818763326,27.70690448925077,32.942820999012945,28.298586222199628,0.005152483200774817,,22.439024390243905,art_painting,21.150211054254395,art_painting
dan_dg_lambda_10,dan_dg,17,1.724088811522047,,,,,,,,,,,,,5.313758373260498,44.31137724550898,30.759818810982743,21.951219512195124,16.678914247206936,35.60767590618337,30.072192513368982,33.95675755462916,25.836975190519553,-0.0011209651203871948,,21.951219512195124,art_painting,16.678914247206936,art_painting
dan_dg_lambda_10,dan_dg,18,1.741285610081527,,,,,,,,,,,,,5.416137218475342,41.91616766467065,26.64351402267621,23.65853658536585,19.634204815294716,35.39445628997868,36.34431856855004,33.65638684667173,27.540679135506988,-0.010961284888495366,,23.65853658536585,art_painting,19.634204815294716,art_painting
dan_dg_lambda_10,dan_dg,19,1.7258184367212757,,,,,,,,,,,,,5.174144983291626,47.00598802395209,31.697194616329938,22.439024390243905,16.81227514641353,26.652452025586353,24.094906348670932,32.03248814659412,24.2014587038048,0.0060210657854257105,,22.439024390243905,art_painting,16.81227514641353,art_painting
dan_dg_lambda_10,dan_dg,20,1.7797338469275112,,,,,,,,,,,,,5.207684755325317,36.82634730538922,23.43656197482467,20.0,13.563626533422859,27.931769722814497,17.70442808752409,28.252705676067905,18.23487219859054,-0.015455191406155271,,20.0,art_painting,13.563626533422859,art_painting
dan_dg_lambda_10,dan_dg,21,1.7576287250800673,,,,,,,,,,,,,5.328875780105591,44.61077844311377,32.832049713377714,22.926829268292686,20.505379816257285,27.078891257995735,25.302026189966796,31.538832989800728,26.213151906533934,0.024056606567602404,,22.926829268292686,art_painting,20.505379816257285,art_painting
