run,method,epoch,classification_loss,alignment_loss,discriminator_accuracy,grl_coefficient,gradient_norm_mean,gradient_norm_max,clipped_fraction,feature_norm_mean,class_logit_max,domain_logit_max,backbone_gradient_mean,discriminator_gradient_mean,batchnorm_gamma_max,epoch_seconds,photo_accuracy,photo_macro_f1,art_painting_accuracy,art_painting_macro_f1,cartoon_accuracy,cartoon_macro_f1,mean_source_accuracy,mean_source_macro_f1
source_only,source_only,1,0.5428268269181545,0.0,,0.0,12.903831033283854,39.86454391479492,100.0,52.000490705367966,26.027090072631836,0.0,12.903831066169175,0.0,2.4059524536132812,9.707836151123047,94.311377245509,93.3507872584061,82.4390243902439,82.46628355318755,90.8315565031983,91.52973567390538,89.19398604631708,89.11560216183301
source_only,source_only,2,0.25810224518840535,0.0,,0.0,10.172901142406934,27.316049575805664,100.0,58.37833985201831,35.83089828491211,0.0,10.172901107172661,0.0,2.4057719707489014,7.149059534072876,95.50898203592814,94.71721756002152,85.85365853658537,85.80294490673307,90.8315565031983,91.88631833564578,90.73139902523728,90.80216026746679
source_only,source_only,3,0.19270563628662177,0.0,,0.0,10.086602313911973,43.17391586303711,98.0295566502463,62.40744178283391,36.31642532348633,0.0,10.086602307452356,0.0,2.405203342437744,6.850387334823608,93.41317365269461,92.65768623352683,87.07317073170732,86.11716627025754,84.64818763326227,85.93467839788204,88.37817733922141,88.23651030055548
source_only,source_only,4,0.15501422633008638,0.0,,0.0,9.58057344312151,43.03499221801758,95.56650246305419,69.77467126329545,49.42036437988281,0.0,9.580573477915355,0.0,2.4048025608062744,6.867202043533325,95.50898203592814,94.87916219119226,90.48780487804878,90.74277515110109,94.02985074626866,94.30066928561332,93.3422125534152,93.30753554263555
source_only,source_only,5,0.14123017021473222,0.0,,0.0,9.85624507774273,40.70110321044922,94.58128078817734,74.362822377623,58.340484619140625,0.0,9.856245091469416,0.0,2.4050886631011963,6.844845294952393,97.0059880239521,96.34805647604988,89.02439024390245,88.94234485509092,93.81663113006397,94.42557022809123,93.28233646597283,93.23865718641066
source_only,source_only,6,0.11968265582847577,0.0,,0.0,8.391265136038362,31.136682510375977,84.23645320197045,78.76864251949517,78.87361145019531,0.0,8.391265135010695,0.0,2.404863119125366,6.7628278732299805,95.80838323353294,95.06586893193357,90.73170731707317,90.47215570327121,94.88272921108742,95.5374477439476,93.80760658723118,93.69182412638412
source_only,source_only,7,0.10075256411024885,0.0,,0.0,8.212036804949264,42.8740234375,85.71428571428571,81.17046217143242,74.48693084716797,0.0,8.212036799599893,0.0,2.404487371444702,6.909278392791748,96.40718562874252,95.79609245309926,89.26829268292683,88.91495929365028,94.45628997867804,94.84058025125147,93.37725609678246,93.18387733266701
source_only,source_only,8,0.08560441731195197,0.0,,0.0,7.666566028348297,38.05998229980469,75.86206896551724,90.76985619455722,83.49050903320312,0.0,7.666566044793251,0.0,2.404946804046631,7.028661251068115,95.80838323353294,94.98375088567647,87.8048780487805,88.3234982847354,93.39019189765459,93.78745047734466,92.33448439332267,92.36489988258552
source_only,source_only,9,0.0801294243336865,0.0,,0.0,7.811625606791871,32.35487365722656,71.92118226600985,93.46738242163447,81.13839721679688,0.0,7.81162560475489,0.0,2.405320882797241,7.011389493942261,96.10778443113772,95.61299580084611,90.48780487804878,90.45092339944404,94.66950959488273,95.0492695435396,93.75503296802306,93.70439624794324
source_only,source_only,10,0.06551460729007892,0.0,,0.0,6.0387336203636055,31.26443862915039,59.60591133004926,104.50719098621988,107.57772064208984,0.0,6.038733675407981,0.0,2.405465602874756,6.68969464302063,94.01197604790418,93.22055628237803,87.5609756097561,87.62846011384762,94.02985074626866,94.47899303689653,91.86760080130965,91.77600314437404
source_only,source_only,11,0.04754030164765006,0.0,,0.0,6.371042762800642,44.2841682434082,49.26108374384236,115.44060711790188,114.33318328857422,0.0,6.37104273689076,0.0,2.4066903591156006,6.891005516052246,97.0059880239521,96.37666149897069,87.3170731707317,87.0221597293167,95.52238805970148,95.83909631645318,93.28181641812843,93.07930584824685
source_only,source_only,12,0.06561438300749833,0.0,,0.0,7.704144696915112,39.707763671875,53.20197044334975,114.27330772512651,142.98965454101562,0.0,7.704144716105862,0.0,2.408034086227417,6.962057113647461,96.7065868263473,96.14734616007284,89.26829268292683,89.2334873739029,94.24307036247335,94.23109196247668,93.40598329058248,93.20397516548415
source_only,source_only,13,0.05273768109615936,0.0,,0.0,6.06623160018222,39.71192169189453,51.23152709359606,118.39645021184911,118.55502319335938,0.0,6.066231591979527,0.0,2.407087802886963,7.5495078563690186,96.7065868263473,96.08393206876681,88.04878048780488,88.13452733479637,94.02985074626866,94.21133446286404,92.92840602014029,92.80993128880908
source_only,source_only,14,0.07770172786170582,0.0,,0.0,7.7758760215684815,53.34146499633789,60.09852216748769,104.79761196944514,136.12648010253906,0.0,7.775876073093444,0.0,2.406458854675293,7.73824143409729,95.50898203592814,94.62667591794668,88.29268292682927,87.9853857641657,95.73560767590618,96.01442307736242,93.17909087955452,92.87549491982493
